{"favoriteBooks":{"name":"My Book list application","booklists":[{"year":9,"author":"j","genre":"hello","rating":9,"title":"hello1"},{"year":9,"author":"j","genre":"bye","rating":0,"title":"bye2"}]},"readBooks":{"name":"My Book list application","booklists":[{"year":9,"author":"j","genre":"hello","rating":9,"title":"hello"},{"year":9,"author":"j","genre":"hello","rating":9,"title":"hello1"},{"year":9,"author":"j","genre":"bye","rating":1,"title":"bye"},{"year":9,"author":"j","genre":"bye","rating":0,"title":"bye2"}]}}